aeg [s]	 asukoht [m]	 kiirus [km/h]	 kiirusepiirang [km/h]
0	0.0	1.043999999999961	25
1	0.028999999999998916	2.0879999999993717	25
2	0.08699999999998145	3.1319999999991035	25
3	0.17399999999995655	4.175999999998715	25
4	0.2899999999999209	5.219999999998706	25
5	0.4349999999998849	6.263999999998637	25
6	0.608999999999847	7.307999999998538	25
7	0.8119999999998064	8.351999999998538	25
8	1.0439999999997658	9.395999999998478	25
9	1.3049999999997235	10.43999999999843	25
10	1.59499999999968	11.48399999999843	25
11	1.9139999999996364	12.52799999992145	25
12	2.2619999999974545	13.571999999921442	25
13	2.6389999999952725	14.615999999921431	25
14	3.04499999999309	15.659999999921425	25
15	3.4799999999909073	16.703999999921265	25
16	3.94399999998872	17.747999999921262	25
17	4.436999999986533	18.791999999921245	25
18	4.9589999999843455	19.835998720751245	25
19	5.509999964449658	20.879998720751225	25
20	6.0899999289149696	21.923815672730125	25
21	6.698994808713029	22.9677185761047	25
22	7.336986991382604	24.00910033612933	25
23	8.003906445163974	24.999435383559995	25
24	8.698335205818418	24.940895108565858	25
25	9.391137847723027	24.906348742163097	25
26	10.082980868338668	24.999206501802192	25
27	10.777403271166506	24.998197880540417	25
28	11.471797656737072	25.000275430475607	25
29	12.166249752028062	24.999975646178235	25
30	12.860693519977458	24.99973622751526	25
31	13.555130637408437	24.999634863926808	25
32	14.249564939184182	24.999533499959398	25
33	14.943996425294166	24.999420914593756	25
34	15.638424784032882	24.99941460017858	25
35	16.332852967371174	24.999408268139238	25
36	17.027280974819487	24.99940192249513	25
37	17.721708805999906	24.999395565709683	25
38	18.416136460602953	24.999389199357985	25
39	19.110563938362898	24.999382824829603	25
40	19.804991239052608	24.999376443346467	25
41	20.4994183624789	24.99937005597905	25
42	21.193845308478316	24.999363663643262	25
43	21.888272076912852	24.999357267083397	25
44	22.58269866766517	24.99935086695449	25
45	23.27712508063613	24.99934446383029	25
46	23.971551315742527	24.999338058261454	25
47	24.665977372916455	24.999331650781468	25
48	25.360403252104827	24.999325242013306	25
49	26.054828953271866	24.999318832175263	25
50	26.749254476387843	24.99931242145538	25
51	27.44367982142827	24.999306010014536	25
52	28.13810498837312	24.999299597989413	25
53	28.832529977206157	24.99929318549541	25
54	29.526954787914363	24.999286772628945	25
55	30.221379420487388	24.999280359469854	25
56	30.915803874917106	24.999273946083576	25
57	31.610228151197205	24.999267532522328	25
58	32.30465224932283	24.99926111881526	25
59	32.99907616928992	24.999254704985393	25
60	33.693499911095074	24.999248291043923	25
61	34.38792347473518	24.999241876990858	25
62	35.08234686020715	24.999235462826192	25
63	35.77677006750788	24.999229048549925	25
64	36.471193096634266	24.999222634162702	25
65	37.16561594758323	24.999216219673762	25
66	37.86003862035194	24.999209805092345	25
67	38.554461114937844	24.999203390427684	25
68	39.24888343133861	24.99919697568902	25
69	39.943305569552194	24.999190560885594	25
70	40.63772752957679	24.999184146026643	25
71	41.332149311410866	24.999177731121403	25
72	42.02657091505313	24.999171316179112	25
73	42.72099234050255	24.999164901209014	25
74	43.41541358775835	24.99915848622034	25
75	44.10983465682003	24.999152071222337	25
76	44.80425554768731	24.99914565622433	25
77	45.49867626036021	24.999139241235945	25
78	46.193096794838986	24.999132826266802	25
79	46.88751715112417	24.99946203500257	25
80	47.58194665209646	24.999722613345774	25
81	48.27638339135607	24.99991424640805	25
82	48.97082545375629	24.999980873722578	25
83	49.665269366915254	24.999986144544334	25
84	50.35971342648593	24.999990955286666	25
85	51.05415761968834	24.999995315327695	25
86	51.748601934003	24.99999923734412	25
87	52.44304635726256	25.0000026856207	25
88	53.13749087630758	25.0000056664835	25
89	53.83193547815434	25.000008189347827	25
90	54.52638015008067	25.00001026606734	25
91	55.22082487969365	25.000011928221447	25
92	55.91526965547758	25.000013173021966	25
93	56.6097144658393	25.00001400776431	25
94	57.30415929938831	25.00001444235377	25
95	57.998604145009246	25.000014487401344	25
96	58.693048991881504	25.000014153632748	25
97	59.387493829482416	25.00001345302884	25
98	60.0819386476221	25.00001239824668	25
99	60.77638343646229	25.000011003029044	25
100	61.47082818654643	25.00000928115018	25
101	62.1652728888006	25.000007246946392	25
102	62.85971753454911	25.000004914898557	25
103	63.554162115518515	25.000002307222378	25
104	64.24860662405247	24.999999472511973	25
105	64.94305105384447	24.99999642287818	25
106	65.63749539892441	24.99999316996539	25
107	66.33193965364568	24.999989724937755	25
108	67.02638381267172	24.999986098465374	25
109	67.72082787096242	24.99998230071257	25
110	68.41527182376	24.999978341327108	25
111	69.10971566657463	24.99997422945286	25
112	69.80415939517054	24.9999699737211	25
113	70.49860300555169	24.999965582269592	25
114	71.19304649394806	24.999961063095835	25
115	71.88748985681184	24.999956424550263	25
116	72.58193309082712	24.999951674577257	25
117	73.27637619289871	24.999946820787997	25
118	73.97081916014282	24.999941870579956	25
119	74.66526198988116	24.999936830910606	25
120	75.35970467962868	24.99993171861735	25
121	76.05414722736805	24.99992653940622	25
122	76.74858963124045	24.999921298602274	25
123	77.44303188953495	24.999916001159324	25
124	78.13747400067827	24.99991068183859	25
125	78.83191596406267	24.999905343149223	25
126	79.52635777915015	24.999899987356592	25
127	80.2207994454656	24.999894616501866	25
128	80.91524096259066	24.999889232413803	25
129	81.60968233015771	24.999883836729246	25
130	82.30412354784464	24.999878430913956	25
131	82.99856461537003	24.99987301627728	25
132	83.69300553248884	24.999867593985517	25
133	84.38744629898844	24.99986216507455	25
134	85.08188691468496	24.99985673045645	25
135	85.77632737941985	24.999851290935798	25
136	86.47076769305696	24.999845847220964	25
137	87.16520785547976	24.999840399933426	25
138	87.85964786658903	24.9998349496146	25
139	88.55408772630055	24.999829496733717	25
140	89.24852743454315	24.999824041665807	25
141	89.94296699125609	24.999818584736087	25
142	90.63740639638765	24.999813126229473	25
143	91.33184564989402	24.999807666392822	25
144	92.02628475173826	24.99980220544021	25
145	92.72072370188938	24.99979674354572	25
146	93.41516250032122	24.99979128085321	25
147	94.10960114701159	24.999785817487822	25
148	94.8040396419418	24.999780353558354	25
149	95.4984779850962	24.99977488915906	25
150	96.19291617646174	24.999769424370736	25
151	96.88735421602759	24.999763959262417	25
152	97.58179210378488	24.999758493892884	25
153	98.27622983972634	24.999753028311638	25
154	98.97066742384611	24.99974756256014	25
155	99.66510485613945	24.99974209667291	25
156	100.35954213660258	24.99973663067408	25
157	101.05397926523241	24.999731164563652	25
158	101.74841624202585	24.99972569834162	25
159	102.4428530669798	24.99972023200799	25
160	103.13728974009112	24.999714765562768	25
161	103.83172626135675	24.99970929900594	25
162	104.52616263077358	24.999703832337513	25
163	105.22059884833851	24.999698365557485	25
164	105.91503491404845	24.999692898665863	25
165	106.60947082790028	24.99968743166264	25
166	107.30390658989091	24.999681964547815	25
167	107.99834220001725	24.99967649732139	25
168	108.69277765827617	24.999671029983364	25
169	109.3872129646646	24.999665562533743	25
170	110.08164811917942	24.99966009497252	25
171	110.77608312181755	24.9996546272997	25
172	111.47051797257588	24.999649159515872	25
173	112.16495267145132	24.999643691629238	25
174	112.85938721844101	24.999638223648006	25
175	113.55382161354235	24.99963275558037	25
176	114.24825585675292	24.999627287434546	25
177	114.94268994807055	24.99962181921872	25
178	115.63712388749329	24.999616350941107	25
179	116.33155767501943	24.99961088260991	25
180	117.02599131064748	24.999605414233326	25
181	117.72042479437619	24.999562763438128	25
182	118.41485709336058	24.999520112653787	25
183	119.10928820760097	24.99958710314512	25
184	119.80372118268834	24.999643950898832	25
185	120.49815573687997	24.999693872762897	25
186	121.19259167779005	24.999742232892004	25
187	121.88702896203705	24.999789639564682	25
188	122.58146756313607	24.99982520803666	25
189	123.27590715224821	24.999857228608178	25
190	123.97034763082065	24.999884511605664	25
191	124.66478886725415	24.99990687094799	25
192	125.35923072478047	24.999924523752153	25
193	126.05367307266248	24.99993947156839	25
194	126.7481158357616	24.999950318781792	25
195	127.4425589001722	24.999960111133234	25
196	128.13700223659256	24.999967153126647	25
197	128.83144576862387	24.9999730908164	25
198	129.52588946559098	24.999975122226296	25
199	130.22033321898616	24.999976654510288	25
200	130.91477701494478	24.999977711160845	25
201	131.6092208402548	24.99997832107879	25
202	132.303664682507	24.999978504800872	25
203	132.99810852986258	24.999978283278338	25
204	133.69255237106475	24.99997767620822	25
205	134.38699619540387	24.999976702601135	25
206	135.08143999269834	24.99997538131526	25
207	135.77588375329043	24.99997373049276	25
208	136.47032746802634	24.999971767589052	25
209	137.16477112823713	24.999969509348862	25
210	137.85921472571906	24.99996697225141	25
211	138.55365825272605	24.999964172338327	25
212	139.24810170195767	24.999961125111373	25
213	139.94254506654408	24.999957845361408	25
214	140.63698834002633	24.999954347167346	25
215	141.33143151633655	24.99995064390136	25
216	142.02587458977825	24.999946748220992	25
217	142.7203175550066	24.999942672084657	25
218	143.41476040700894	24.999938426736517	25
219	144.10920314108495	24.99993402274155	25
220	144.80364575282778	24.99992946998548	25
221	145.49808823810514	24.999924778058332	25
222	146.1925305930512	24.99991995637586	25
223	146.88697281406164	24.999915014252647	25
224	147.58141489779086	24.999909960675677	25
225	148.27585684114297	24.999904804178	25
226	148.97029864125903	24.999899552791657	25
227	149.66474029550324	24.999894214041895	25
228	150.35918180144884	24.999888801745826	25
229	151.0536231570529	24.99988332213031	25
230	151.7480643604454	24.99987778095994	25
231	152.44250540991652	24.999872183558878	25
232	153.13694630390427	24.999866563154054	25
233	153.83138704176966	24.99986092249357	25
234	154.52582762295003	24.999855264047117	25
235	155.22026804695133	24.999849590029317	25
236	155.91470831334104	24.99984390241832	25
237	156.60914842174154	24.999838202971947	25
238	157.3035883718241	24.999832493255887	25
239	157.99802816330345	24.999826774660615	25
240	158.6924677959329	24.99982104841733	25
241	159.38690726950006	24.999815315612718	25
242	160.08134658382264	24.9998095771984	25
243	160.77578573874482	24.99980383400702	25
244	161.4702247341339	24.999798086766283	25
245	162.1646635698774	24.999792336109618	25
246	162.85910224588045	24.99978658258611	25
247	163.5535407620634	24.99978082665592	25
248	164.24797911835938	24.99977506868871	25
249	164.94241731471183	24.999769309006826	25
250	165.63685535107314	24.999763547889994	25
251	166.33129322740342	24.99975778557819	25
252	167.0257309436695	24.999752022272546	25
253	167.72016849984374	24.999746258131026	25
254	168.41460589590292	24.999740493290744	25
255	169.10904313182766	24.99973472786967	25
256	169.8034802076018	24.999728961969307	25
257	170.49791712321206	24.999723195676314	25
258	171.1923538786475	24.99971742906387	25
259	171.88679047389928	24.999711662193725	25
260	172.58122690896022	24.999705895117422	25
261	173.2756631838246	24.999700127877645	25
262	173.97009929848787	24.999694360509558	25
263	174.66453525294648	24.99968859302987	25
264	175.35897104719731	24.999682825438587	25
265	176.05340668123728	24.999677057735703	25
266	176.74784215506327	24.999671289921217	25
267	177.4422774686722	24.99966552199513	25
268	178.13671262206094	24.99965975395745	25
269	178.83114761522643	24.999653985808166	25
270	179.52558244816555	24.999648217547282	25
271	180.22001712087518	24.999642449174797	25
272	180.91445163335226	24.999636680690717	25
273	181.60888598559367	24.999630912095036	25
274	182.3033201775963	24.999625143387753	25
275	182.99775420935708	24.999619374568876	25
276	183.69218808087288	24.999613605638398	25
277	184.3866217921406	24.999607836121857	25
278	185.081055343144	24.999602053837638	25
279	185.77548873352836	24.950973478947404	25
280	186.4685713301658	24.99950511145813	25
281	187.16300202770628	24.999614401416565	25
282	187.85743576107896	24.99846176855638	25
283	188.55183747687218	24.884676564764966	25
284	189.2430784925601	24.74811314377823	25
285	189.93052607988727	24.999749043275994	25
286	190.6249635533116	25.04248832818918	25
287	191.32058822909462	25.0009474946208	25
288	192.0150589928341	24.99914383386087	25
289	192.7094796548858	25.00129366823741	25
290	193.40396003455905	24.99789841339012	25
291	194.09834610159766	25.09059545225181	25
292	194.79530708638242	25.051980400378177	25
293	195.49119543083737	24.994239233219968	25
294	196.18547985398237	24.73704123869481	25
295	196.87261988839057	24.485523219481088	25
296	197.55277331115394	24.575496000852542	25
297	198.2354259778443	24.689624579528658	25
298	198.9212488828312	22.85362457952866	25
299	199.55607178781813	21.01762457952866	25
300	200.13989469280503	19.18167570690164	10
301	200.67271901799674	17.345675706901986	10
302	201.15454334318846	15.509675706901998	10
303	201.5853676683802	13.67426232906422	10
304	201.96520828863197	11.838281655070617	10
305	202.29404944571726	10.002281655070616	10
306	202.57189060280257	10.000770147198663	10
307	202.84968977355808	9.999878384428229	10
308	203.12746417312553	9.99951074691523	10
309	203.40522836053984	9.99921632753127	10
310	203.68298436963792	9.999415642944175	10
311	203.96074591527525	9.999520662297586	10
312	204.23851037811684	9.999625667458435	10
313	204.51627775776848	9.999693536461283	10
314	204.79404702267018	9.999742967923417	10
315	205.07181766066805	9.99977789713632	10
316	205.34958926892185	9.99979541714412	10
317	205.6273613638425	9.999809153946371	10
318	205.90513384034102	9.99981956590816	10
319	206.1829066060607	9.999824822487437	10
320	206.46067951779645	9.999829039665409	10
321	206.73845254667606	9.999832026199632	10
322	207.01622565851494	9.999833901457917	10
323	207.29399882244434	9.999835334916686	10
324	207.57177202619204	9.99983628284671	10
325	207.8495452562711	9.999836785020456	10
326	208.12731850029945	9.999820865536275	10
327	208.4050913021199	9.999804714770551	10
328	208.68286365530798	9.999788357966615	10
329	208.9606355541404	9.999771820365114	10
330	209.238406993595	9.9997552632342	10
331	209.5161779731293	9.999738692514173	10
332	209.7939484923658	9.999722112567877	10
333	210.07171855104824	9.99970552651769	10
334	210.34948814900707	9.999688936558972	10
335	210.6272572861337	9.99967234417005	10
336	210.90502596236064	9.999655750261367	10
337	211.1827941776457	9.999639155423585	10
338	211.460561931963	9.999622560014435	10
339	211.73832922529675	9.999605964266033	10
340	212.01609605763747	9.999589368324079	10
341	212.2938624289798	9.999572772270525	10
342	212.57162833932065	9.999556176105372	10
343	212.84939378865693	9.999539579828623	10
344	213.1271587769855	9.999522983440274	10
345	213.4049233043033	9.999506386940327	10
346	213.6826873706072	9.99948979032878	10
347	213.9604509758941	9.999473193624972	10
348	214.23821412016147	9.999456596415222	10
349	214.51597680339523	9.99938779014589	10
350	214.79373757534373	9.999318983467681	10
351	215.0714964359956	9.999250176781306	10
352	215.34925338535064	9.999456625313401	10
353	215.6270160693871	9.999653678441462	10
354	215.90478422712158	9.999797524880616	10
355	216.18255638059048	9.999888876068901	10
356	216.4603310715924	9.999954817944165	10
357	216.73810759431308	9.999998257615259	10
358	217.0158853236913	9.99999940256597	10
359	217.29366308487369	9.999999992583955	10
360	217.57144086244546	10.000000047457744	10
361	217.8492186415415	9.99999960655745	10
362	218.12699640839034	9.99999870101237	10
363	218.40477415008513	9.99999736088932	10
364	218.68255185455428	9.999995614014624	10
365	218.96032951049912	9.999993487870823	10
366	219.23810710738442	9.999991009242557	10
367	219.51588463541893	9.999988203439084	10
368	219.79366208551446	9.999985094199769	10
369	220.07143944924223	9.999981703567885	10
370	220.34921671878578	9.999978052140857	10
371	220.6269938869008	9.999974159109918	10
372	220.90477094687608	9.999970042323323	10
373	221.1825478924962	9.9999657185195	10
374	221.4603247180106	9.999961215734258	10
375	221.73810141844768	9.999956548201805	10
376	222.01587798923106	9.99995172913919	10
377	222.2936544261516	9.999946771389647	10
378	222.57143072535686	9.999941687094665	10
379	222.8492068833317	9.999936487483344	10
380	223.1269828968729	9.999931182928153	10
381	223.40475876306536	9.999925782997211	10
382	223.68253447925971	9.99992029650384	10
383	223.9603100430515	9.999914731553563	10
384	224.23808545226132	9.99990909558875	10
385	224.51586070491655	9.999903395424308	10
386	224.7936357992339	9.999897637175103	10
387	225.07141073359986	9.999891826428986	10
388	225.3491855065562	9.999885968277159	10
389	225.62696011678614	9.999880067370311	10
390	225.90473456310198	9.999874143305828	10
391	226.18250884486048	9.999868199002089	10
392	226.46028296149942	9.999862237065265	10
393	226.738056912529	9.999856259816978	10
394	227.0158306975239	9.999850269318799	10
395	227.2936043161161	9.999844267394895	10
396	227.5713777679882	9.999838255657	10
397	227.84915105286757	9.999832235524327	10
398	228.12692417052102	9.999826208242206	10
399	228.40469712074997	9.999820174897945	10
400	228.68246990338602	9.999814136437163	10
401	228.96024251828706	9.999808093680157	10
402	229.23801496533372	9.999802047335317	10
403	229.51578724442638	9.999795998009898	10
404	229.79355935548222	9.99978994621843	10
405	230.07133129843274	9.999783892363762	10
406	230.34910307322062	9.999777836793188	10
407	230.62687467979822	9.999771779804203	10
408	230.90464611812612	9.99976572165102	10
409	231.18241738817198	9.99975966253833	10
410	231.46018848990917	9.999753602629914	10
411	231.73795942331554	9.99974754206659	10
412	232.01573018837294	9.999741480968536	10
413	232.2935007850665	9.999735419437242	10
414	232.5712712133842	9.999729357558163	10
415	232.84904147331636	9.99972329540247	10
416	233.12681156485533	9.999717233028985	10
417	233.40458148799502	9.999711170485895	10
418	233.68235124273073	9.999705107812229	10
419	233.96012082905884	9.999699045026963	10
420	234.23789024697626	9.999692982130096	10
421	234.51565949647988	9.999686919121633	10
422	234.7934285775666	9.999680856001568	10
423	235.07119749023332	9.999674792769904	10
424	235.34896623447693	9.999668729426642	10
425	235.62673481029435	9.999662665971778	10
426	235.90450321768245	9.999656602405317	10
427	236.18227145663815	9.999650538727256	10
428	236.46003952715836	9.999644474937595	10
429	236.73780742923995	9.999638411036337	10
430	237.01557516287986	9.999632347023477	10
431	237.29334272807495	9.999626282899017	10
432	237.57111012482216	9.999620218663708	10
433	237.84887735311838	9.999614154326641	10
434	238.1266444129608	9.999608089896917	10
435	238.4044113043468	9.99960202538363	10
436	238.68217802727412	9.999595960795883	10
437	238.95994458174067	9.999589896142771	10
438	239.23771096774465	9.999583831433391	10
439	239.51547718528445	9.999577766676838	10
440	239.7932432343588	9.999571701882216	10
441	240.07100911496664	9.999565636999451	10
442	240.34877482710553	9.999539693858267	10
443	240.6265398186016	9.999513750638462	10
444	240.90430408945267	9.999487807378951	10
445	241.18206763965765	9.99946186411865	10
446	241.45983046921648	9.999510117752653	10
447	241.73759463915405	9.99955836850204	10
448	242.01536014939023	9.99960660894936	10
449	242.29312699963882	9.99965476076523	10
450	242.57089518743786	9.999702753370743	10
451	242.84866470836482	9.999749730587238	10
452	243.12643553421447	9.99979379713225	10
453	243.4042075841348	9.9998313715589	10
454	243.68198067778923	9.999865337740728	10
455	243.9597547149487	9.999895036427507	10
456	244.23752957707168	9.99992024200004	10
457	244.51530513934946	9.999940729223521	10
458	244.79308127071678	9.999957394708982	10
459	245.07085786501426	9.99997192635067	10
460	245.34863486296845	9.999982094487516	10
461	245.62641214337089	9.999988167097259	10
462	245.90418959245693	9.999991658562195	10
463	246.1819671385281	9.999994449179244	10
464	246.45974476211643	9.999996558438102	10
465	246.73752244429525	9.999997984141235	10
466	247.01530016607694	9.999998837476051	10
467	247.2930779115624	9.999999183910708	10
468	247.57085566667104	9.999999044213883	10
469	247.8486334178992	9.999998442777636	10
470	248.12641115242081	9.999997406616899	10
471	248.40418885816018	9.999995963498538	10
472	248.68196652381292	9.999994182082649	10
473	248.9597441399819	9.999992080972556	10
474	249.2375216977867	9.999989677360928	10
475	249.51529918882449	9.999986988167153	10
476	249.79307660516247	9.999984029838004	10
477	250.07085393932465	9.999980818029755	10
478	250.34863118426992	9.999977367624789	10
479	250.62640833337062	9.999973692734281	10
480	250.90418538039103	9.999969806935404	10
481	251.18196231947258	9.999965723055588	10
482	251.45973914511302	9.999961453462168	10
483	251.73751585215365	9.999957009862205	10
484	252.01529243576093	9.999952403557314	10
485	252.2930688914153	9.999947645507405	10
486	252.5708452149016	9.99994274689256	10
487	252.84862140231527	9.99993771831418	10
488	253.12639745004623	9.999932569733613	10
489	253.40417335476104	9.999927310508607	10
490	253.68194911338628	9.999921949405223	10
491	253.959724723092	9.999916494607323	10
492	254.23750018127552	9.999910953738624	10
493	254.51527548554603	9.999905339575804	10
494	254.79305063386758	9.999899658398915	10
495	255.07082562437867	9.999893916003556	10
496	255.34860045537877	9.999888117713395	10
497	255.62637512531526	9.99988229783848	10
498	255.90414963358856	9.999876459048961	10
499	256.18192397967323	9.999870603735083	10
500	256.4596981631103	9.999864734031375	10
501	256.7374721835001	9.99985885183908	10
502	257.0152460404956	9.999852958838872	10
503	257.29301973379665	9.99984705651912	10
504	257.5707932631444	9.999841146194743	10
505	257.8485666283165	9.999835229023576	10
506	258.12633982912274	9.999829306021844	10
507	258.40411286540115	9.99982337807397	10
508	258.6818857370143	9.999817445948967	10
509	258.9596584438462	9.999811510314139	10
510	259.2374309857994	9.999805571745954	10
511	259.51520336279236	9.999799630732571	10
512	259.7929755747572	9.999793687658586	10
513	260.0707476216366	9.99978774285814	10
514	260.34851950338265	9.999781796620061	10
515	260.6262912199554	9.999775849191966	10
516	260.9040627713219	9.999769900778329	10
517	261.1818341574546	9.999763951540285	10
518	261.4596053783307	9.999758001617243	10
519	261.73737643393116	9.999752051128445	10
520	262.0151473242403	9.999746100175933	10
521	262.29291804924515	9.999740148846318	10
522	262.5706886089353	9.999734197212302	10
523	262.8484590033023	9.999728245334824	10
524	263.12622923233937	9.99972229326431	10
525	263.40399929604115	9.999716341042248	10
526	263.68176919440344	9.999710388702452	10
527	263.95953892742295	9.999704436251054	10
528	264.2373084950966	9.999698483688057	10
529	264.5150778974213	9.999692531013464	10
530	264.79284713439387	9.999686578227267	10
531	265.07061620601127	9.999680625329473	10
532	265.3483851122704	9.99967467232008	10
533	265.6261538531682	9.999668719199088	10
534	265.9039224287015	9.999662765966493	10
535	266.1816908388672	9.999656812622302	10
536	266.4594590836623	9.999650859166511	10
537	266.73722716308356	9.99964490559912	10
538	267.014995077128	9.99963895192013	10
539	267.29276282579247	9.99963299812954	10
540	267.57053040907385	9.999627044227351	10
541	267.84829782696903	9.999621090215996	10
542	268.12606507947504	9.999615136104406	10
543	268.40383216658904	9.999609181901516	10
544	268.68159908830853	9.999603227616255	10
545	268.9593658446312	9.999597273257557	10
546	269.237132435555	9.999591318834351	10
547	269.51489886107817	9.999585364355573	10
548	269.79266512119915	9.999579409830153	10
549	270.07043121591664	9.999573441927392	10
550	270.34819714485906	9.999538721551012	10
551	270.6259621093466	9.999504001095652	10
552	270.90372610937703	9.999469280613393	10
553	271.18148914494964	9.999434560156317	10
554	271.45925121606507	9.999721432713914	10
555	271.73702125586266	9.99994142116927	10
556	272.01479740645067	10.000030286088107	10
557	272.29257602550865	9.99999989463574	10
558	272.57035380035967	9.999969190414593	10
559	272.8481307223156	9.999938275507047	10
560	273.12590678552414	9.999907229516934	10
561	273.40368198634405	9.999876103263535	10
562	273.68145632254584	9.999844929031493	10
563	273.9592297927967	9.999813737560308	10
564	274.2370023966178	9.999782537944235	10
565	274.5147741337829	9.999751334902788	10
566	274.7925450041969	9.999720130535005	10
567	275.07031500782284	9.999688925680825	10
568	275.3480841446473	9.999657720681437	10
569	275.62585241466627	9.99962651557045	10
570	275.9036198178766	9.999595310347866	10
571	276.1813863542751	9.99956410504033	10
572	276.45915202385953	9.999532899694648	10
573	276.7369168266288	9.999510357952294	10
574	277.0146810032386	9.999487814036872	10
575	277.2924445536285	9.999465269071598	10
576	277.5702074777694	9.99944272361034	10
577	277.8479697756474	9.999420177945689	10
578	278.125731447257	9.999397632171817	10
579	278.4034924925951	9.999375086322544	10
580	278.6812529116596	9.99935254043169	10
581	278.9590127044494	9.999329994533076	10
582	279.23677187096416	9.999307448660522	10
583	279.51453041120476	9.999284932283343	10
584	279.7922883259904	9.999360132054797	10
585	280.07004832965856	9.999435292972755	10
586	280.34781042113	9.999510319879558	10
587	280.6255745966822	9.999585198190033	10
588	280.9033408521875	9.999652820310184	10
589	281.181108986085	9.999716644827297	10
590	281.45887889288576	9.999774835002071	10
591	281.73665041608024	9.999827413725644	10
592	282.01442339979485	9.999871464705228	10
593	282.2921976071478	9.999909082162377	10
594	282.5699728594301	9.999939061831713	10
595	282.847748944481	9.999961627148672	10
596	283.1255256563462	9.999982064800633	10
597	283.403302935924	9.999993731105688	10
598	283.6810805395658	10.000000446121483	10
599	283.95885832973585	10.00000227154098	10
600	284.236636170612	10.000003518399518	10
601	284.5144140461231	10.000004216708144	10
602	284.79219194103166	10.000004396518552	10
603	285.06996984093496	10.00000408440055	10
604	285.34774773216833	10.000003305866965	10
605	285.62552560177573	10.000002088480212	10
606	285.9033034375669	10.000000465933296	10
607	286.18108122828727	9.999998478727731	10
608	286.4588589638075	9.99999614937095	10
609	286.7366366346233	9.999993499247703	10
610	287.0144142318247	9.999990549041383	10
611	287.29219174707583	9.999987318383093	10
612	287.56996917258647	9.999983825728899	10
613	287.8477465010789	9.99998008839701	10
614	288.12552372575664	9.999976122572264	10
615	288.40330084027255	9.999971943560594	10
616	288.68107783870477	9.999967565682063	10
617	288.95885471552924	9.999963002279468	10
618	289.23663146559255	9.999958266493108	10
619	289.51440808410626	9.999953371729951	10
620	289.7921845666543	9.999948330611772	10
621	290.0699609091713	9.999943154949628	10
622	290.3477371079199	9.99993785576897	10
623	290.62551315946905	9.99993244337151	10
624	290.90328906067384	9.99992692733621	10
625	291.1810648086554	9.999921322593261	10
626	291.4588404009496	9.999915637071668	10
627	291.7366158353127	9.999909878081404	10
628	292.01439110970387	9.999904052348201	10
629	292.2921662222691	9.999898166047329	10
630	292.569941171326	9.99989222483886	10
631	292.84771595534926	9.999886233893472	10
632	293.1254905729574	9.999880220972432	10
633	293.40326502354	10.002694665248713	10
634	293.68111765313023	9.849505658514094	10
635	293.9547150325334	9.72500155228088	10
636	294.2248539645412	9.168336504130659	10
637	294.4795299785448	9.434379986869622	10
638	294.7415960892912	9.70858431442282	10
639	295.011278986914	10.075565558121017	10
640	295.2911558079729	9.692091054815775	10
641	295.56038055949557	9.644254477137276	10
642	295.82827651719384	7.877893084249567	10
643	296.04710688064523	8.921893065550982	10
644	296.2949372435772	9.965893065550983	10
645	296.5717676065091	11.009893065550981	10
646	296.8775979694411	12.05389306555098	10
647	297.2124283323731	13.097893065550108	10
648	297.57625869530506	14.141893065550109	10
649	297.969089058237	15.185893065550076	10
650	298.3909194211689	16.229893065550076	10
651	298.84174978410084	17.273893065550073	10
652	299.32158014703276	18.317893065550027	10
653	299.8304105099647	19.361893065550014	10
654	300.36824087289665	20.405893065550007	30
655	300.9350712358286	21.44989306520681	30
656	301.53090159875103	22.493893065206805	30
657	302.15573196167344	23.537893064618846	30
658	302.80956232457953	24.581866066121624	30
659	303.4923919375274	25.62578793392961	30
660	304.2042193801365	26.669787933929612	30
661	304.94504682274567	27.713674181225123	30
662	305.71487110555745	28.7576711872224	30
663	306.51369530520253	29.80161547798921	30
664	307.3415179573689	29.9994965272124	30
665	308.17483730534707	30.05032565336811	30
666	309.0095685734962	30.00837114411481	30
667	309.8431344386105	30.001273450294708	30
668	310.6765031455631	30.000862171520566	30
669	311.50986042810536	29.999627574356513	30
670	312.34318341628193	29.999850980410816	30
671	313.1765126101822	29.999954654511296	30
672	314.00984468391863	29.99998258146024	30
673	314.84317753340366	30.000000949548692	30
674	315.67651089311335	30.000008529078425	30
675	316.50984446336554	30.000008811848865	30
676	317.34317804147247	29.999861955128072	30
677	318.17650754022605	29.99971509228121	30
678	319.0098329594561	29.999568229320513	30
679	319.84315429915944	29.99944925966311	30
680	320.6764723341501	29.999330988315457	30
681	321.50978708382553	29.99921271605631	30
682	322.3430985481604	29.999094443829833	30
683	323.17640672715567	29.999249641912396	30
684	324.0097192172088	29.99938213265749	30
685	324.8430353875604	29.999514247863672	30
686	325.67635522777886	29.999609107017175	30
687	326.50967770297376	29.99969457167371	30
688	327.34300255218693	29.999768275172983	30
689	328.1763294487195	29.9998241307526	30
690	329.009657896796	29.99986541861237	30
691	329.84298749175747	29.999893043370538	30
692	330.6763178540733	29.999906688995843	30
693	331.5096485954343	29.99991702939805	30
694	332.3429796240287	29.999925164377274	30
695	333.17631087859473	29.99992170869076	30
696	334.0096420371695	29.999917258253774	30
697	334.84297307212097	29.999909333687796	30
698	335.6763038869456	29.999964092073355	30
699	336.50963622283655	30.00001549800788	30
700	337.3429699866701	29.999980813987236	30
701	338.1763027870586	29.999927484736595	30
702	339.0096341060791	29.999873917299396	30
703	339.8429639371152	29.999820232375754	30
704	340.67629227690344	29.999766494178342	30
705	341.50961912396394	29.99971274318141	30
706	342.3429444779412	29.999658988965635	30
707	343.17626833874584	29.999605234087447	30
708	344.0095907063594	29.999551479097672	30
709	344.8429115807788	29.999497724041362	30
710	345.67623096200214	29.999443968989482	30
711	346.5095488500296	29.999466163134755	30
712	347.3428673545611	29.999488378254117	30
713	348.1761864761793	29.99951043390295	30
714	349.0095062104544	29.999532214331275	30
715	349.84282654974135	29.99955377128465	30
716	350.67614748783257	29.999574661835588	30
717	351.5094690062169	29.999594632432597	30
718	352.34279107934	29.999614171803923	30
719	353.1761136952234	29.99963299484683	30
720	354.0094368339692	29.999651220013465	30
721	354.8427604789695	29.999668936745216	30
722	355.6760846161013	29.99968532306074	30
723	356.50940920840856	29.999700579147035	30
724	357.342734224496	29.99971295040069	30
725	358.17605958422934	29.999723842204805	30
726	359.0093852465128	29.999736997588204	30
727	359.8427112742236	29.999749545901487	30
728	360.67603765049864	29.99976145762395	30
729	361.5093643576549	29.99977209843416	30
730	362.34269136038915	29.99978216268684	30
731	363.176018642686	29.9997909978234	30
732	364.0093461704033	29.9997979063474	30
733	364.84267389002406	29.99980427249595	30
734	365.6760017864823	29.999810124457706	30
735	366.509329845495	29.9998153778774	30
736	367.34265805043606	29.99982012270854	30
737	368.17598638717794	29.99982399203468	30
738	369.0093148314011	29.9998271721023	30
739	369.8426433639595	29.999829080934063	30
740	370.675971949541	29.999830100733323	30
741	371.50930056345027	29.99983043157104	30
742	372.34262918654946	29.999829026427584	30
743	373.1759577706169	29.999826292886134	30
744	374.0092862787526	29.999822960172	30
745	374.84261469431294	29.99981830501888	30
746	375.6759429805635	29.999810770720877	30
747	376.50927105752794	29.999802745412754	30
748	377.34259891156717	29.999793675827128	30
749	378.17592651367346	29.999778320095785	30
750	379.0092536892317	29.999760866926156	30
751	379.8425803799796	29.999742035857324	30
752	380.6759065476423	29.999723189529387	30
753	381.5092321917959	29.99970433329538	30
754	382.3425573121652	29.999685470872556	30
755	383.17588190857833	29.999666604726823	30
756	384.0092059809319	29.9996477363399	30
757	384.8425295291635	29.999628866641903	30
758	385.6758525532369	29.999609996188614	30
759	386.509175053131	29.999591125320045	30
760	387.3424970288343	29.999572254234195	30
761	388.1758184803408	29.9995533830353	30
762	389.00913940764735	29.999534511724807	30
763	389.8424598107508	29.999515640302718	30
764	390.6757796896481	29.999496768777785	30
765	391.5090990443364	29.999477897174927	30
766	392.34241787481346	29.999459025519048	30
767	393.17573618107787	29.999440153835057	30
768	394.00905396312885	29.999420434594178	30
769	394.8423711974231	29.999445953522173	30
770	395.67568914057654	29.999473178473767	30
771	396.5090078399786	29.999500276342246	30
772	397.34232729209924	29.999526960535206	30
773	398.1756474854474	29.99955336406871	30
774	399.0089684122271	29.99957929635032	30
775	399.84229005934793	29.99960485810288	30
776	400.6756124165175	29.999629651483406	30
777	401.508935462392	29.999653419082865	30
778	402.34225916847765	29.999676300778162	30
779	403.17558351016595	29.999698182066744	30
780	404.0089084596678	29.999719307973926	30
781	404.8422339960004	29.999739378860184	30
782	405.67556008985764	29.99975539639886	30
783	406.5088866286465	29.999763668276806	30
784	407.3422133972098	29.99976951838127	30
785	408.17554032827593	29.999767634164073	30
786	409.0088672070027	29.999765191289256	30
787	409.84219401787186	29.999711499682455	30
788	410.6755193373075	29.999657631230797	30
789	411.50884316039725	29.999603680061377	30
790	412.3421654848434	29.999549693121402	30
791	413.17548630965234	29.99949569881496	30
792	414.0088056346194	29.999441702853122	30
793	414.84212345969866	29.999387706601276	30
794	415.67543978488203	29.999333710254266	30
795	416.5087546101669	29.99927971388337	30
796	417.3420679355525	29.999537855750464	30
797	418.17538843154557	29.999675188231308	30
798	419.00871274232975	29.99977985549054	30
799	419.8420399605378	29.999866027373173	30
800	420.6753695724093	29.99993122422846	30
801	421.50870099530454	29.999978876318295	30
802	422.34203374186893	29.999993902400757	30
803	423.1753669058245	29.999999461635745	30
804	424.00870022420327	29.999999535570822	30
805	424.8420335446358	29.999998145232635	30
806	425.6753668264478	29.999993656824916	30
807	426.50869998358183	29.999986104718385	30
808	427.34203293093515	29.999958084002206	30
809	428.1753650999352	29.99988609619948	30
810	429.0086952692741	29.999814012378454	30
811	429.8420234362846	29.99974191105675	30
812	430.6753496004806	29.999669806887336	30
813	431.50867376178303	29.99959770241407	30
814	432.3419959201834	29.999525597846933	30
815	433.1753160756792	29.99945349327678	30
816	434.0086342282702	29.999506714126184	30
817	434.8419538592181	29.99955730981188	30
818	435.6752748956018	29.999607563283842	30
819	436.5085973279152	29.999657603397925	30
820	437.3419211502318	29.9997057681367	30
821	438.17524631045785	29.999740470268307	30
822	439.00857243463196	29.999773921909846	30
823	439.8418994880183	29.999798341797355	30
824	440.6752272197349	29.99981763422876	30
825	441.50855548735234	29.999832659556006	30
826	442.34188417234003	29.999845837724617	30
827	443.1752132233879	29.99985281405255	30
828	444.0085424682227	29.999857663469513	30
829	444.8418718477635	29.999860337248034	30
830	445.67520130157595	29.999859608310658	30
831	446.50853073514014	29.999853839026734	30
832	447.3418600084464	29.999803637002966	30
833	448.17518788725204	29.999748989891604	30
834	449.00851424808235	29.99969280668681	30
835	449.84183904826807	29.999636616458258	30
836	450.6751622876141	29.999580424748093	30
837	451.5084839660793	29.999524232786595	30
838	452.3418040836567	29.999468040713506	30
839	453.1751226403432	29.999411848583325	30
840	454.0084396361372	29.999441434638488	30
841	454.84175745376604	29.999470692159072	30
842	455.6750760841038	29.999500012727573	30
843	456.5083955289018	29.99952897666382	30
844	457.3417157782536	29.999556424180543	30
845	458.1750367900364	29.999583270048348	30
846	459.00835854753774	29.99960860493803	30
847	459.841681008786	29.99963361802881	30
848	460.67500416484233	29.999657568307786	30
849	461.5083279861842	29.999680298031347	30
850	462.3416524389073	29.999702147080917	30
851	463.17497749854846	29.99972293843914	30
852	464.0083031357273	29.999742712799588	30
853	464.84162932219397	29.9997612484732	30
854	465.67495602354046	29.99977709121842	30
855	466.5082831649632	29.999790473487945	30
856	467.3416106781156	29.999802582731352	30
857	468.1749385276359	29.999812394535855	30
858	469.00826664970634	29.9998207823074	30
859	469.84159500477045	29.99982659146948	30
860	470.6749235212002	29.999831606025502	30
861	471.5082521769231	29.999850965904148	30
862	472.34158137042044	29.99976178561634	30
863	473.17490808668754	29.99967258261178	30
864	474.00823232509345	29.99958337706172	30
865	474.8415540855674	29.999494171347706	30
866	475.67487336810484	29.99940496555329	30
867	476.50819017270356	29.99935058622644	30
868	477.3415054667654	29.999296169198466	30
869	478.1748192492431	29.999241738928312	30
870	479.0081315197689	29.999187305203584	30
871	479.84144227824675	29.9991328707393	30
872	480.6747515246562	29.99907843507948	30
873	481.50805925896395	29.999023996601366	30
874	482.34136548109177	30.066065389520933	30
875	483.176533964134	30.06924760217685	30
876	484.01179084197224	29.83933705613841	30
877	484.8406613157539	30.00056378065925	30
878	485.67401030966107	29.999754927706228	30
879	486.5073368354307	29.736970443619672	30
880	487.33336379219793	29.999389121455557	30
881	488.1666801566828	29.999731010029826	30
882	489.0000060180725	29.999947549319174	30
883	489.8333378944425	29.999596379049144	30
884	490.66666001608274	30.000474470750092	30
885	491.5000065291591	30.00010593668935	30
886	492.3333428051783	30.000730461200252	30
887	493.1666964291005	30.00326905607235	30
888	494.000120569547	29.96367288555866	30
889	494.8324448163681	30.000788730069527	30
890	495.66580005887	29.67726724021678	30
891	496.49016859332045	27.841267240216848	30
892	497.2635371277709	26.005267240217364	30
893	497.9859056622214	24.16926739524844	30
894	498.6572742009783	22.333267395248452	30
895	499.2776427397352	20.49726739524848	30
896	499.8470112784921	18.66126739524851	30
897	500.36537981724905	16.825267395255825	0
898	500.83274835600616	14.989267395256771	0
899	501.2491168947633	13.153267395256789	0
900	501.61448543352043	11.31726739526571	0
901	501.9288539722778	9.48126739526707	0
902	502.1922225110352	7.645267395333717	0
903	502.4045910497945	5.8096237492188845	0
904	502.56596948727275	3.973623749218884	0
905	502.67634792475104	2.1376237492193337	0
906	502.73572636222934	0.3037462132712014	0
907	502.74416375704243	-0.014963568620756684	0
908	502.7437481023585	-0.0016035475934013832	0
909	502.7437035593698	-0.0015325098249932318	0
910	502.7436609896524	0.00044460800786470133	0
911	502.7436733398749	0.0016487629978960043	0
912	502.74371913884704	0.0016950638684003166	0
913	502.7437662239545	0.0017413584561925882	0
914	502.7438145950227	0.0017876302656029792	0
915	502.7438642514189	0.0018164067509347556	0
916	502.743914707162	0.0017851126326337485	0
917	502.743964293624	0.0017538147798703866	0
918	502.7440130107012	0.0017225155013646557	0
919	502.74406085835403	0.0016912156008161575	0
920	502.74410783656515	0.0016599154539159602	0
921	502.74415394532775	0.0016286151954188913	0
922	502.7441991846387	0.0015973148253249558	0
923	502.744243554495	0.0015660143670673387	0
924	502.7442870548941	0.0015347138563293864	0
925	502.74432968583454	0.0015034105578049625	0
926	502.7443714472389	0.001441399388122672	0
927	502.7444114861108	0.0012219118713911266	0
928	502.7444454281072	0.0010024242430815295	0
929	502.7444732732251	0.0008014854939409062	0
930	502.74449553671104	0.0006005466332203775	0
931	502.74451221856197	0.0003884768683107083	0
932	502.7445230095861	0.0001391600753354234	0
933	502.7445268751437	-0.00011015688099096413	0
934	502.74452381523037	-0.00026696445598455455	0
935	502.74451639955106	-0.0004237740130029793	0
936	502.7445046280507	-0.0005805835587833534	0
937	502.74448850072963	-0.00040493044511514853	0
938	502.74447725266174	-0.0002414665337806725	0
939	502.744470545258	-9.553245146180875e-05	0
940	502.74446789157884	-2.470741702431533e-06	0
941	502.7444678229471	7.433314319411646e-05	0
942	502.7444698877566	0.00010690874209042259	0
943	502.7444728574439	0.0001384831498377677	0
944	502.74447670419806	0.00012695149557931788	0
945	502.7444802306285	9.490723450854457e-05	0
946	502.74448286694053	3.7020635717582425e-05	0
947	502.7444838952915	-2.0872911070232582e-05	0
948	502.7444833154884	-7.87683807976751e-05	0
949	502.74448112747785	-0.00013666427858578456	0
950	502.7444773312479	-0.0001945602879681079	0
951	502.7444719267954	-0.00025245637312174045	0
952	502.7444649141184	-0.0003317947740646059	0
953	502.7444556975969	-0.0004111473315371899	0
954	502.74444427683767	-0.0004905025904024334	0
955	502.7444306517657	-0.0005698580920711343	0
956	502.74441482237427	-0.0006492135829126959	0
957	502.7443967886636	-0.0004923210407488259	0
958	502.74438311307915	-0.0003528986813924455	0
959	502.744373310338	-0.00023024688788075221	0
960	502.7443669145911	-0.00013385654765122367	0
961	502.7443631963537	-5.386258970761436e-05	0
962	502.7443617001706	-3.6408844736050946e-06	0
963	502.7443615990349	2.1418737498038595e-05	0
964	502.74436219399985	2.440355865304235e-05	0
965	502.7443628718765	1.7821807787092984e-05	0
966	502.74436336692673	2.1661041263766483e-06	0
967	502.7443634270963	-1.558702474491179e-05	0
968	502.7443629941234	-3.698725289530068e-05	0
969	502.74436196669967	-5.840318624375161e-05	0
970	502.74436034438895	-7.982969251162251e-05	0
971	502.7443581268975	-0.00010126316117735167	0
972	502.7443553140319	-0.00012270105178184597	0
973	502.74435190566936	-0.00014414163723010842	0
974	502.744347901735	-0.00016558387717078893	0
975	502.74434330218287	-0.00018702708697445434	0
976	502.744338106986	-0.00020847083779590035	0
977	502.7443323161294	-0.00022991488874945552	0
978	502.7443259296047	-0.0002513591092856187	0
979	502.74431894740724	-0.0002728034414196378	0
980	502.7443113695339	-0.0002942478851515128	0
981	502.7443031959815	-0.00031569242143536394	0
982	502.74429442674756	-0.00033713702659293683	0
983	502.74428506183017	-0.00035858167746348805	0
984	502.744275101228	-0.00038002780769669665	0
985	502.74426454490003	-0.00040819835219419446	0
986	502.7442532060569	-0.00043637792762853556	0
987	502.7442410844478	-0.0004645625333378883	0
988	502.74422817993303	-0.0004927497312516721	0
989	502.7442144924405	-0.0005209382630717113	0
990	502.7442000219332	-0.0005491274029477461	0
991	502.74418476839423	-0.0005773167685041153	0
992	502.74416873181735	-0.0006055062139324385	0
993	502.7441519122003	-0.0006336956799350491	0
994	502.7441343095426	-0.0006618851301912654	0
995	502.7441159238445	-0.0006900744285920835	0
996	502.7440967551104	-0.0007182515230926161	0
997	502.7440768036792	-0.0005538369705810925	0
998	502.74406141931894	-0.0003894259346211787	0
999	502.74405060193186	-0.0002490884417753708	0
1000	502.74404368280847	-0.00013446363349996546	0
1001	502.74403994770756	-4.012196267995258e-05	0
1002	502.7440388332086	1.7556950844070414e-05	0
1003	502.74403932090166	4.430462056839837e-05	0
1004	502.74404055158556	5.062438680632111e-05	0
1005	502.7440419578185	3.336295032706441e-05	0
1006	502.74404288456714	1.607941063958399e-05	0
1007	502.7440433312174	-1.2202456334125783e-06	0
1008	502.7440432973217	-1.8531729984291282e-05	0
1009	502.74404278255145	-3.585176327149383e-05	0
1010	502.74404178666913	-5.317784514497823e-05	0
1011	502.7440403095068	-7.050810770534929e-05	0
1012	502.74403835094824	-8.784119320871971e-05	0
1013	502.7440359109151	-0.00010517618270761638	0
1014	502.7440329893545	-0.0001225124248943815	0
1015	502.7440295862316	-0.0001398494795676147	0
1016	502.7440257015238	-0.00015718704846157393	0
1017	502.7440213352169	-0.0001745249474104715	0
1018	502.74401648730174	-0.00019186306288884844	0
1019	502.7440111577722	-0.00020920132830663625	0
1020	502.7440053466242	-0.0002265397053226897	0
1021	502.7439990538546	-0.0002438781939370088	0
1022	502.7439922794604	-0.0002612167941495885	0
1023	502.7439850234383	-0.0002785554993654143	0
1024	502.74397728578555	-0.00029589429189831373	0
1025	502.7439690664997	-0.00031323315406218407	0
1026	502.74396036557874	-0.0003305722017675566	0
1027	502.7439511830176	-0.00047146927727356345	0
1028	502.74393808664877	-0.000612366412977397	0
1029	502.74392107647066	-0.00046046198073012185	0
1030	502.7439082858601	-0.00037014270903136304	0
1031	502.74389800411814	-0.0002886655056051324	0
1032	502.7438899856319	-0.0002270216845770423	0
1033	502.743883679474	-0.00017315319399379968	0
1034	502.74387886966304	-0.00012272100215161727	0
1035	502.7438754607463	-7.770496065730932e-05	0
1036	502.7438733022752	-4.111037821470705e-05	0
1037	502.7438721603202	-1.3317603301268812e-05	0
1038	502.7438717903868	3.5363801629201695e-06	0
1039	502.74387188861954	4.405182628210477e-06	0
1040	502.74387201098574	-1.561141567748517e-06	0
1041	502.7438719676207	-9.718626045849236e-06	0
1042	502.74387169765885	-2.0316283209054166e-05	0
1043	502.74387113331767	-3.1294556424604724e-05	0
1044	502.74387026402445	-4.338026108839428e-05	0
1045	502.7438690590172	-5.548371149066751e-05	0
1046	502.743867517803	-6.760145568198313e-05	0
1047	502.7438656399848	-7.973061799956322e-05	0
1048	502.7438634252454	-9.186886033686944e-05	0
1049	502.7438608733326	-0.00010401424526400523	0
1050	502.743857984048	-0.0001161651824651166	0
1051	502.7438547572374	-0.00012832039504719224	0
1052	502.74385119278196	-0.0001404788937938883	0
1053	502.74384729059045	-0.0001526399087449642	0
1054	502.743843050593	-0.00016480287116020503	0
1055	502.7438384727355	-0.0001769673189475412	0
1056	502.74383355697665	-0.00018913288241297727	0
1057	502.74382830328545	-0.0002012992759731263	0
1058	502.7438227116389	-0.00021346627981771833	0
1059	502.74381678202	-0.0002256337256900098	0
1060	502.7438105144165	-0.00023780149958142814	0
1061	502.7438039088193	-0.00024996951333278335	0
1062	502.7437969652217	-0.0002621377061073399	0
1063	502.74378968361873	-0.00027430603634001627	0
1064	502.7437820640066	-0.0002864744781714729	0
1065	502.7437741063822	-0.0002986430316017097	0
1066	502.74376581074245	-0.00031081169663072677	0
1067	502.7437571770842	-0.00032298047325852406	0
1068	502.7437482054044	-0.00033514935363486106	0
1069	502.7437388957002	-0.00034731832534671224	0
1070	502.74372924796893	-0.0003594873759810619	0
1071	502.74371926220846	-0.0003716564931249245	0
1072	502.743708938417	-0.00038382566436535935	0
1073	502.74369827659297	-0.0003959949113643136	0
1074	502.7436872767343	-0.0004081665543663638	0
1075	502.74367593877446	-0.0004223981352969126	0
1076	502.7436642054929	-0.0004473653984612642	0
1077	502.7436517786763	-0.00047205357744291206	0
1078	502.7436386660769	-0.0004967586362734036	0
1079	502.7436248672259	-0.0005214745645507526	0
1080	502.7436103818213	-0.000546197298935914	0
1081	502.74359520967414	-0.0005709241558073278	0
1082	502.7435793506698	-0.0005956534090991436	0
1083	502.74356280474177	-0.0006203840182439343	0
1084	502.7435455718524	-0.0006451153407120455	0
1085	502.7435276519818	-0.0006698469616955141	0
1086	502.74350904512175	-0.0006945787069344936	0
1087	502.7434897512688	-0.0007193104966984568	0
1088	502.74346977042165	-0.00074404229468212	0
1089	502.74344910258014	-0.00076877407562403	0
1090	502.7434277477447	-0.0007935057734390547	0
1091	502.74340570591767	-0.0008182351882864545	0
1092	502.7433829771624	-0.0006904314209644072	0
1093	502.74336379851184	-0.000571642184353778	0
1094	502.74334791956227	-0.0004637643250186321	0
1095	502.7433350372199	-0.000369346559682486	0
1096	502.7433247775932	-0.00029020733847165826	0
1097	502.7433167162783	-0.00022087662014533128	0
1098	502.7433105808166	-0.0001627796041452575	0
1099	502.74330605916094	-0.00012190341540613237	0
1100	502.74330267295494	-8.571285199608946e-05	0
1101	502.74330029204236	-5.0039416150171824e-05	0
1102	502.7432989020586	-2.4310172844706154e-05	0
1103	502.743298226776	-4.409440375360503e-06	0
1104	502.74329810429157	-4.5456236167162524e-07	0
1105	502.7432980916648	-1.1523871257448325e-06	0
1106	502.7432980596541	-3.3373381625786365e-06	0
1107	502.74329796695025	-7.314543507921042e-06	0
1108	502.7432977637685	-1.3212867394116975e-05	0
1109	502.7432973967444	-2.1258280894239863e-05	0
1110	502.74329680623663	-2.9325062133685683e-05	0
1111	502.74329599165156	-3.7410437426093844e-05	0
1112	502.74329495247275	-4.5511930160857746e-05	0
1113	502.7432936882525	-5.3627335986825784e-05	0
1114	502.74329219860425	-6.17547226456796e-05	0
1115	502.74329048319527	-6.989241358073573e-05	0
1116	502.74328854173933	-7.803892802286683e-05	0
1117	502.74328637399134	-8.619296383799235e-05	0
1118	502.74328397974233	-9.43533763920148e-05	0
1119	502.7432813588152	-0.0001025191626034263	0
1120	502.7432785110607	-0.00011068944840843553	0
1121	502.74327543635377	-0.00011886346082214638	0
1122	502.743272134591	-0.00012704054629670303	0
1123	502.7432686056869	-0.0001352201807454414	0
1124	502.7432648495708	-0.00014340194813624771	0
1125	502.74326086618333	-0.00015158548805216575	0
1126	502.7432566554753	-0.00015977049006783505	0
1127	502.74325221740617	-0.0001679566869903928	0
1128	502.74324755194266	-0.0001761438544542029	0
1129	502.7432426590578	-0.0001843318169101551	0
1130	502.74323753872955	-0.00019252042963648484	0
1131	502.7432321909398	-0.00020070957050251158	0
1132	502.74322661567396	-0.00020889914075343096	0
1133	502.7432208129201	-0.0002170890649991738	0
1134	502.74321478266825	-0.00022527927911526437	0
1135	502.7432085249105	-0.00023346972949050718	0
1136	502.7432020396402	-0.0002416603753569432	0
1137	502.743195326852	-0.0002498511838214742	0
1138	502.74318838654136	-0.00025804213037187795	0
1139	502.7431812187044	-0.0002662331946499044	0
1140	502.7431738233379	-0.0002744243705271057	0
1141	502.7431662004387	-0.00028261565800348693	0
1142	502.74315835000374	-0.00029080705707904805	0
1143	502.74315027202994	-0.000298998567753784	0
1144	502.74314196651414	-0.00030719019002769496	0
1145	502.7431334334533	-0.00031538192390078573	0
1146	502.7431246728443	-0.0003235737626985255	0
1147	502.74311568468426	-0.00033176569806453866	0
1148	502.74310646897044	-0.0003399577216424096	0
1149	502.74309702570037	-0.0003481498250757228	0
1150	502.7430873548719	-0.00035634200000804277	0
1151	502.743077456483	-0.0003645342380829439	0
1152	502.7430673305319	-0.00037272655923697355	0
1153	502.7430569770164	-0.00038091920090688706	0
1154	502.7430463959275	-0.0003891160605719687	0
1155	502.74303558714803	-0.0005442079941570596	0
1156	502.7430204702593	-0.0006993062663125291	0
1157	502.74300104508524	-0.0008544045548681049	0
1158	502.7429773116254	-0.0006730715473149904	0
1159	502.7429586151935	-0.000488827547302839	0
1160	502.74294503665055	-0.0003046051369239087	0
1161	502.74293657539675	-0.00015735695879298887	0
1162	502.7429322043701	-6.896101431867453e-05	0
1163	502.7429302887864	-2.824425053770431e-05	0
1164	502.74292950422387	-1.1815090058745275e-05	0
1165	502.7429291760269	-1.322270595721446e-06	0
1166	502.7429291392972	3.6031328773707815e-06	0
1167	502.74292923938424	2.4193317535933086e-06	0
1168	502.7429293065879	1.0551369671450622e-07	0
1169	502.74292930951884	-2.3078695718146282e-06	0
1170	502.74292924541135	-4.817596517080262e-06	0
1171	502.7429291115892	-7.420492254736969e-06	0
1172	502.7429289054644	-1.0113440472926186e-05	0
1173	502.74292862453547	-1.2893387256976766e-05	0
1174	502.74292826638583	-1.5757342906691298e-05	0
1175	502.74292782868184	-1.870238643056112e-05	0
1176	502.74292730917114	-2.172566956031498e-05	0
1177	502.7429267056803	-2.4824420305011103e-05	0
1178	502.7429260161131	-2.7995946065440884e-05	0
1179	502.7429252384479	-3.123763633099165e-05	0
1180	502.7429243707358	-3.454696498216982e-05	0
1181	502.7429234110979	-3.792149222274034e-05	0
1182	502.7429223577231	-4.135886616610275e-05	0
1183	502.7429212088657	-4.4856824100753884e-05	0
1184	502.7429199628428	-4.841319345999219e-05	0
1185	502.74291861803187	-5.2025892520958586e-05	0
1186	502.7429171728682	-5.5660117701431886e-05	0
1187	502.7429156267538	-5.931448114152506e-05	0
1188	502.74291397912936	-6.298769039680664e-05	0
1189	502.7429122294713	-6.667851933626991e-05	0
1190	502.74291037729023	-7.038580569737864e-05	0
1191	502.74290842212895	-7.410844868371382e-05	0
1192	502.7429063635609	-7.784540660735953e-05	0
1193	502.7429042011885	-8.15956945776817e-05	0
1194	502.7429019346414	-8.535838223796867e-05	0
1195	502.74289956357524	-8.913260768812916e-05	0
1196	502.74289708766946	-9.291758749970105e-05	0
1197	502.74289450662536	-9.671257855674055e-05	0
1198	502.74289182016486	-0.00010051687842151971	0
1199	502.74288902802937	-0.00010432982450498986	0
